rank,CarrierName,flight_count,stddev_departure_delay
1,British Airways,1059,42.86507919688348
2,American Airlines,957,42.94906780833314
3,Lufthansa,986,42.97764237708067
4,Emirates,1021,43.52490314408233
5,Qantas,984,43.535512749914375
6,Singapore Airlines,997,43.57411505906612
7,Delta Airlines,986,43.97728104447053
8,Southwest Airlines,1018,43.985647019368116
9,Air France,1024,44.06885606565044
10,United Airlines,968,44.423809347886525
